{
  "choice": "xgb_soft",
  "f1_llp": 0.1185759566623871,
  "f1_xgb": 0.11968784969350396,
  "kl_llp_mean": 0.5278688669204712,
  "kl_xgb_mean": 0.7203258872032166
}